20160303;asdasd;asdasd;asdasd;asdasd;asdasdasdasd
20160303;asdasd;asdasd;asdasd;asdasd;asdasdasdasd
20160303;asdasd;asdasd;asdasd;asdasd;asdasdasdasd
20160303;asdasd;asdasd;asdasd;asdasd;asdasdasdasd
20160303;asdasd;asdasd;asdasd;asdasd;asdasdasdasd
20160303;asdasd;asdasd;asdasd;asdasd;asdasdasdasd
20160303;asdasd;asdasd;asdasd;asdasd;asdasdasdasd
20160303;asdasd;asdasd;asdasd;asdasd;asdasdasdasd
20160303;asdasd;asdasd;asdasd;asdasd;asdasdasdasd
20160303;asdasd;asdasd;asdasd;asdasd;asdasdasdasd
20160303;asdasd;asdasd;asdasd;asdasd;asdasdasdasd
20160303;asdasd;asdasd;asdasd;asdasd;asdasdasdasd
20160303;asdasd;asdasd;asdasd;asdasd;asdasdasdasd
20160303;asdasd;asdasd;asdasd;asdasd;asdasdasdasd
20160303;asdasd;asdasd;asdasd;asdasd;asdasdasdasd
20160303;asdasd;asdasd;asdasd;asdasd;asdasdasdasd